{"cameraMode":{"drawMode":0,"name":"Shaded","section":"Shading Mode"},"sceneLighting":false,"audioPlay":false,"sceneViewState":{"showFog":true,"showMaterialUpdate":false,"showSkybox":false,"showFlares":true,"showImageEffects":true,"showParticleSystems":true,"showVisualEffectGraphs":true,"m_FxEnabled":true},"in2DMode":false,"pivot":{"x":-9.524999618530274,"y":-0.02200007438659668,"z":3.7330002784729006},"rotation":{"x":-0.46641212701797488,"y":0.04772404208779335,"z":0.02521076239645481,"w":0.8829196691513062},"size":6.288780212402344,"orthographic":false}