{"cameraMode":{"drawMode":0,"name":"Shaded","section":"Shading Mode"},"sceneLighting":false,"audioPlay":false,"sceneViewState":{"showFog":true,"showMaterialUpdate":false,"showSkybox":false,"showFlares":true,"showImageEffects":true,"showParticleSystems":true,"showVisualEffectGraphs":true,"m_FxEnabled":true},"in2DMode":false,"pivot":{"x":-0.24503040313720704,"y":0.8238687515258789,"z":63.17055892944336},"rotation":{"x":-0.46641212701797488,"y":0.04772404208779335,"z":0.02521076239645481,"w":0.8829196691513062},"size":12.545326232910157,"orthographic":false}