{"cameraMode":{"drawMode":0,"name":"Shaded","section":"Shading Mode"},"sceneLighting":false,"audioPlay":false,"sceneViewState":{"showFog":false,"showMaterialUpdate":false,"showSkybox":false,"showFlares":false,"showImageEffects":false,"showParticleSystems":false,"showVisualEffectGraphs":true,"m_FxEnabled":true},"in2DMode":false,"pivot":{"x":-0.3273833096027374,"y":1.3819224834442139,"z":-0.4535370469093323},"rotation":{"x":-0.003785808337852359,"y":-0.9829277396202087,"z":0.18282417953014375,"w":-0.020353009924292566},"size":1.529782772064209,"orthographic":false}