{"cameraMode":{"drawMode":0,"name":"Shaded","section":"Shading Mode"},"sceneLighting":false,"audioPlay":false,"sceneViewState":{"showFog":true,"showMaterialUpdate":false,"showSkybox":false,"showFlares":true,"showImageEffects":true,"showParticleSystems":true,"showVisualEffectGraphs":true,"m_FxEnabled":true},"in2DMode":false,"pivot":{"x":0.2627701759338379,"y":-1.773801326751709,"z":-0.4931201934814453},"rotation":{"x":0.06737108528614044,"y":-0.04787231981754303,"z":0.003236298682168126,"w":0.9965735673904419},"size":6.589630603790283,"orthographic":false}