{"cameraMode":{"drawMode":0,"name":"Shaded","section":"Shading Mode"},"sceneLighting":false,"audioPlay":false,"sceneViewState":{"showFog":true,"showMaterialUpdate":false,"showSkybox":false,"showFlares":true,"showImageEffects":true,"showParticleSystems":true,"showVisualEffectGraphs":true,"m_FxEnabled":true},"in2DMode":false,"pivot":{"x":-20.420000076293947,"y":-0.059999942779541019,"z":5.849999904632568},"rotation":{"x":-0.46641212701797488,"y":0.04772404208779335,"z":0.02521076239645481,"w":0.8829196691513062},"size":5.430810928344727,"orthographic":false}