{"cameraMode":{"drawMode":0,"name":"Shaded","section":"Shading Mode"},"sceneLighting":true,"audioPlay":false,"sceneViewState":{"showFog":true,"showMaterialUpdate":false,"showSkybox":true,"showFlares":true,"showImageEffects":true,"showParticleSystems":true,"showVisualEffectGraphs":true,"m_FxEnabled":true},"in2DMode":false,"pivot":{"x":487.99993896484377,"y":119.04182434082031,"z":0.000026226043701171875},"rotation":{"x":0.023997653275728227,"y":0.005989404395222664,"z":0.00014470050518866628,"w":-0.999697208404541},"size":32.1835823059082,"orthographic":false}