{"cameraMode":{"drawMode":0,"name":"Shaded","section":"Shading Mode"},"sceneLighting":true,"audioPlay":false,"sceneViewState":{"showFog":true,"showMaterialUpdate":false,"showSkybox":true,"showFlares":true,"showImageEffects":true,"showParticleSystems":true,"showVisualEffectGraphs":true,"m_FxEnabled":true},"in2DMode":false,"pivot":{"x":0.0647430419921875,"y":29.50009536743164,"z":7.976410865783691},"rotation":{"x":0.014080473221838475,"y":0.9757422208786011,"z":0.06596311181783676,"w":-0.2082839161157608},"size":21.945390701293947,"orthographic":false}