{"cameraMode":{"drawMode":0,"name":"Shaded","section":"Shading Mode"},"sceneLighting":false,"audioPlay":false,"sceneViewState":{"showFog":true,"showMaterialUpdate":false,"showSkybox":false,"showFlares":true,"showImageEffects":true,"showParticleSystems":true,"showVisualEffectGraphs":true,"m_FxEnabled":true},"in2DMode":false,"pivot":{"x":-5.595508575439453,"y":0.49422550201416018,"z":9.702522277832032},"rotation":{"x":-0.46641212701797488,"y":0.04772404208779335,"z":0.02521076239645481,"w":0.8829196691513062},"size":15.923169136047364,"orthographic":false}