{"cameraMode":{"drawMode":0,"name":"Shaded","section":"Shading Mode"},"sceneLighting":false,"audioPlay":false,"sceneViewState":{"showFog":true,"showMaterialUpdate":false,"showSkybox":false,"showFlares":true,"showImageEffects":true,"showParticleSystems":true,"showVisualEffectGraphs":true,"m_FxEnabled":true},"in2DMode":false,"pivot":{"x":8.739584922790528,"y":2.5636043548583986,"z":26.076766967773439},"rotation":{"x":-0.46641212701797488,"y":0.04772404208779335,"z":0.02521076239645481,"w":0.8829196691513062},"size":3.7430403232574465,"orthographic":false}