{"cameraMode":{"drawMode":0,"name":"Shaded","section":"Shading Mode"},"sceneLighting":false,"audioPlay":false,"sceneViewState":{"showFog":false,"showMaterialUpdate":false,"showSkybox":false,"showFlares":false,"showImageEffects":false,"showParticleSystems":false,"showVisualEffectGraphs":true,"m_FxEnabled":true},"in2DMode":false,"pivot":{"x":-0.34820234775543215,"y":-0.051781266927719119,"z":-0.22049850225448609},"rotation":{"x":0.05247577279806137,"y":-0.9457612037658691,"z":0.19506345689296723,"w":0.2544265687465668},"size":1.0856542587280274,"orthographic":false}