{"cameraMode":{"drawMode":0,"name":"Shaded","section":"Shading Mode"},"sceneLighting":false,"audioPlay":false,"sceneViewState":{"showFog":false,"showMaterialUpdate":false,"showSkybox":false,"showFlares":false,"showImageEffects":false,"showParticleSystems":false,"showVisualEffectGraphs":true,"m_FxEnabled":true},"in2DMode":false,"pivot":{"x":-0.6432650089263916,"y":1.2781047821044922,"z":-0.36956918239593508},"rotation":{"x":0.005323327612131834,"y":0.9812428951263428,"z":-0.19074873626232148,"w":0.027381926774978639},"size":0.3306257128715515,"orthographic":false}