{"cameraMode":{"drawMode":0,"name":"Shaded","section":"Shading Mode"},"sceneLighting":false,"audioPlay":false,"sceneViewState":{"showFog":false,"showMaterialUpdate":false,"showSkybox":false,"showFlares":false,"showImageEffects":false,"showParticleSystems":false,"showVisualEffectGraphs":true,"m_FxEnabled":true},"in2DMode":false,"pivot":{"x":0.023756742477416993,"y":0.8455843925476074,"z":0.04616418480873108},"rotation":{"x":0.23799926042556764,"y":-0.728528618812561,"z":0.30742403864860537,"w":0.5640044212341309},"size":1.6816630363464356,"orthographic":false}